date,cake,pie,cookie,smoothie,coffee,promotion
2013-01-01,79,46,518,60,233,없음
2013-01-02,91,50,539,161,427,없음
2013-01-03,47,60,222,166,347,없음
2013-01-04,89,64,734,153,358,없음
2013-01-05,112,73,764,240,392,없음
2013-01-06,89,57,922,259,510,없음
2013-01-07,70,50,476,120,334,없음
2013-01-08,70,48,496,222,316,없음
2013-01-09,59,37,587,181,156,없음
2013-01-10,71,36,488,178,298,없음
2013-01-11,74,50,645,100,490,없음
2013-01-12,119,71,438,162,416,없음
2013-01-13,90,51,568,137,434,없음
2013-01-14,96,48,585,194,573,프로모션
2013-01-15,62,56,536,112,287,없음
2013-01-16,48,33,336,151,420,없음
2013-01-17,58,67,404,166,376,없음
2013-01-18,74,74,533,181,456,없음
2013-01-19,94,45,470,208,584,없음
2013-01-20,97,54,395,231,411,없음
2013-01-21,79,36,431,159,308,없음
2013-01-22,67,39,276,204,382,없음
2013-01-23,81,43,387,184,295,없음
2013-01-24,71,42,456,114,365,없음
2013-01-25,95,58,647,113,362,없음
2013-01-26,95,16,597,178,425,없음
2013-01-27,93,66,470,192,355,없음
2013-01-28,60,46,590,203,255,없음
2013-01-29,79,38,535,141,287,없음
2013-01-30,80,40,397,204,382,없음
2013-01-31,77,45,508,181,503,없음
2013-02-01,71,59,731,236,419,없음
2013-02-02,89,62,602,213,329,없음
2013-02-03,90,59,536,224,627,없음
2013-02-04,81,49,518,127,429,없음
2013-02-05,93,54,331,171,328,없음
2013-02-06,65,34,406,146,435,없음
2013-02-07,61,50,430,160,376,없음
2013-02-08,112,70,601,267,581,없음
2013-02-09,103,58,411,141,488,없음
2013-02-10,113,60,440,187,387,없음
2013-02-11,63,43,334,209,236,없음
2013-02-12,72,49,424,184,460,없음
2013-02-13,93,61,599,218,388,프로모션
2013-02-14,63,53,371,118,226,없음
2013-02-15,67,50,730,195,523,프로모션
2013-02-16,66,71,820,225,568,없음
2013-02-17,83,69,611,125,535,없음
2013-02-18,84,56,549,179,320,프로모션
2013-02-19,77,43,405,206,310,없음
2013-02-20,69,59,431,202,509,없음
2013-02-21,94,45,632,260,200,프로모션
2013-02-22,93,44,689,159,420,없음
2013-02-23,70,70,612,244,258,없음
2013-02-24,58,51,599,203,331,없음
2013-02-25,63,57,502,143,330,없음
2013-02-26,68,34,411,99,282,없음
2013-02-27,66,56,551,159,445,없음
2013-02-28,48,50,470,165,248,없음
2013-03-01,73,56,622,119,355,없음
2013-03-02,120,84,597,247,506,프로모션
2013-03-03,122,52,679,139,506,프로모션
2013-03-04,55,42,352,156,297,없음
2013-03-05,84,46,513,161,251,없음
2013-03-06,75,52,365,100,357,없음
2013-03-07,44,45,392,126,317,없음
2013-03-08,87,49,653,241,455,없음
2013-03-09,128,48,674,168,630,없음
2013-03-10,103,59,762,206,481,없음
2013-03-11,62,54,356,137,231,없음
2013-03-12,92,50,605,171,388,없음
2013-03-13,83,52,527,150,485,없음
2013-03-14,78,38,439,92,285,없음
2013-03-15,67,47,639,246,444,없음
2013-03-16,116,51,557,291,381,없음
2013-03-17,117,57,718,269,440,프로모션
2013-03-18,57,45,520,140,186,없음
2013-03-19,71,30,343,130,255,없음
2013-03-20,110,43,261,129,304,없음
2013-03-21,84,37,420,179,462,없음
2013-03-22,81,44,515,224,483,없음
2013-03-23,108,68,793,235,375,없음
2013-03-24,87,46,585,281,455,없음
2013-03-25,80,46,308,117,374,없음
2013-03-26,61,37,440,196,322,없음
2013-03-27,95,23,529,142,231,없음
2013-03-28,61,42,359,68,352,없음
2013-03-29,78,41,528,91,460,없음
2013-03-30,88,33,817,271,225,없음
2013-03-31,78,77,515,172,300,없음
2013-04-01,75,37,411,166,335,없음
2013-04-02,73,41,417,68,262,없음
2013-04-03,76,54,497,215,348,없음
2013-04-04,83,46,417,191,500,없음
2013-04-05,101,72,519,289,439,없음
2013-04-06,94,74,552,247,333,없음
2013-04-07,89,53,487,253,435,없음
2013-04-08,95,54,594,147,282,프로모션
2013-04-09,64,63,284,147,254,없음
2013-04-10,75,36,522,149,370,없음
2013-04-11,88,39,320,212,263,없음
2013-04-12,106,69,445,119,433,없음
2013-04-13,101,74,653,215,444,없음
2013-04-14,89,52,633,261,518,없음
2013-04-15,76,44,491,140,300,없음
2013-04-16,74,44,599,164,396,없음
2013-04-17,67,52,410,231,295,없음
2013-04-18,87,38,564,305,339,없음
2013-04-19,107,45,609,288,412,없음
2013-04-20,94,75,632,272,444,없음
2013-04-21,77,53,606,257,313,없음
2013-04-22,73,36,360,180,475,없음
2013-04-23,51,47,631,147,253,없음
2013-04-24,72,44,460,232,391,없음
2013-04-25,59,43,285,162,292,없음
2013-04-26,94,78,685,245,621,없음
2013-04-27,79,68,400,252,385,없음
2013-04-28,64,61,757,216,301,없음
2013-04-29,87,43,405,143,309,없음
2013-04-30,72,40,403,188,294,없음
2013-05-01,71,61,467,178,273,없음
2013-05-02,57,49,418,251,295,없음
2013-05-03,100,44,434,205,467,없음
2013-05-04,84,98,622,346,366,없음
2013-05-05,140,41,635,226,372,없음
2013-05-06,83,46,588,159,357,없음
2013-05-07,118,45,461,201,183,없음
2013-05-08,73,43,463,277,257,없음
2013-05-09,77,54,552,254,111,없음
2013-05-10,95,45,530,248,491,없음
2013-05-11,90,52,431,303,525,없음
2013-05-12,96,58,395,362,388,없음
2013-05-13,90,42,391,193,273,없음
2013-05-14,53,52,432,297,248,없음
2013-05-15,79,40,581,182,408,없음
2013-05-16,66,55,525,195,248,없음
2013-05-17,82,50,740,272,276,없음
2013-05-18,115,60,710,405,353,없음
2013-05-19,61,41,433,300,326,없음
2013-05-20,96,45,394,293,516,없음
2013-05-21,64,48,363,194,287,없음
2013-05-22,77,68,611,145,506,프로모션
2013-05-23,80,44,359,153,321,없음
2013-05-24,93,57,415,194,424,없음
2013-05-25,112,61,568,377,565,없음
2013-05-26,100,60,595,257,452,없음
2013-05-27,81,47,504,167,418,없음
2013-05-28,79,59,460,231,283,없음
2013-05-29,66,54,521,254,475,없음
2013-05-30,45,59,547,173,419,없음
2013-05-31,82,59,305,98,294,없음
2013-06-01,93,64,631,297,394,없음
2013-06-02,102,59,612,322,456,없음
2013-06-03,45,36,417,313,282,없음
2013-06-04,58,50,385,198,263,없음
2013-06-05,95,43,373,185,438,없음
2013-06-06,61,30,513,235,311,없음
2013-06-07,56,66,572,423,326,없음
2013-06-08,77,76,601,379,617,없음
2013-06-09,77,66,579,327,315,없음
2013-06-10,83,43,502,112,330,없음
2013-06-11,83,56,609,323,422,프로모션
2013-06-12,69,32,543,258,312,없음
2013-06-13,61,52,322,289,294,없음
2013-06-14,76,85,534,385,353,없음
2013-06-15,136,66,844,293,398,없음
2013-06-16,75,65,604,219,398,없음
2013-06-17,89,40,452,211,321,없음
2013-06-18,43,40,458,299,344,없음
2013-06-19,81,38,489,202,225,없음
2013-06-20,61,42,455,237,365,없음
2013-06-21,92,68,488,269,436,프로모션
2013-06-22,117,75,477,352,424,없음
2013-06-23,86,79,681,292,432,없음
2013-06-24,78,61,430,212,381,없음
2013-06-25,81,61,440,251,327,없음
2013-06-26,78,51,303,265,195,없음
2013-06-27,79,43,429,234,469,없음
2013-06-28,98,67,632,184,495,없음
2013-06-29,80,62,791,204,402,없음
2013-06-30,113,82,590,147,489,프로모션
2013-07-01,76,52,504,347,366,없음
2013-07-02,80,46,546,160,291,없음
2013-07-03,55,47,369,226,359,없음
2013-07-04,77,51,393,247,394,없음
2013-07-05,113,81,848,437,327,프로모션
2013-07-06,90,58,550,353,357,없음
2013-07-07,98,53,885,244,369,없음
2013-07-08,60,53,452,279,238,없음
2013-07-09,68,37,562,281,412,없음
2013-07-10,70,55,483,227,506,없음
2013-07-11,76,29,393,316,445,없음
2013-07-12,99,52,572,224,327,없음
2013-07-13,93,75,580,295,563,없음
2013-07-14,123,71,561,389,566,프로모션
2013-07-15,77,55,564,172,308,없음
2013-07-16,79,41,379,199,302,없음
2013-07-17,82,40,411,239,236,없음
2013-07-18,85,56,448,221,412,없음
2013-07-19,90,77,611,411,442,없음
2013-07-20,65,56,613,303,446,없음
2013-07-21,114,66,816,149,409,없음
2013-07-22,96,54,311,135,365,없음
2013-07-23,80,62,268,284,434,없음
2013-07-24,67,43,629,265,399,없음
2013-07-25,76,52,556,265,421,없음
2013-07-26,101,52,640,224,494,없음
2013-07-27,136,76,621,511,751,프로모션
2013-07-28,93,48,523,339,381,없음
2013-07-29,83,61,469,345,402,없음
2013-07-30,77,46,453,250,420,없음
2013-07-31,70,41,506,198,227,없음
2013-08-01,74,44,520,268,358,없음
2013-08-02,96,40,507,307,289,없음
2013-08-03,78,47,785,277,548,없음
2013-08-04,32,58,478,307,366,없음
2013-08-05,47,41,391,239,432,없음
2013-08-06,58,50,307,277,284,없음
2013-08-07,67,56,437,198,214,없음
2013-08-08,77,62,462,389,418,프로모션
2013-08-09,90,54,586,186,270,없음
2013-08-10,123,81,576,291,653,없음
2013-08-11,81,58,752,317,371,없음
2013-08-12,73,29,309,257,278,없음
2013-08-13,85,44,503,192,302,없음
2013-08-14,63,48,361,263,273,없음
2013-08-15,66,57,608,260,433,프로모션
2013-08-16,86,94,274,351,447,없음
2013-08-17,87,65,650,439,349,없음
2013-08-18,78,79,639,294,570,없음
2013-08-19,67,43,370,258,272,없음
2013-08-20,60,51,386,179,409,없음
2013-08-21,95,72,491,326,356,프로모션
2013-08-22,88,41,551,223,431,없음
2013-08-23,68,61,548,191,424,없음
2013-08-24,92,54,505,349,359,없음
2013-08-25,72,46,522,426,259,없음
2013-08-26,75,45,366,301,359,없음
2013-08-27,73,48,617,271,180,프로모션
2013-08-28,62,54,507,261,349,프로모션
2013-08-29,52,35,420,183,345,없음
2013-08-30,50,61,427,282,386,없음
2013-08-31,118,55,547,173,519,없음
2013-09-01,108,46,549,316,576,없음
2013-09-02,66,32,435,162,339,없음
2013-09-03,56,47,693,214,208,프로모션
2013-09-04,65,46,371,219,428,없음
2013-09-05,42,51,522,231,239,없음
2013-09-06,84,63,336,300,256,없음
2013-09-07,79,51,691,357,405,없음
2013-09-08,88,41,633,177,340,없음
2013-09-09,64,49,539,249,331,없음
2013-09-10,93,47,402,138,275,없음
2013-09-11,73,59,460,234,315,없음
2013-09-12,80,42,603,274,198,프로모션
2013-09-13,95,50,626,187,589,없음
2013-09-14,89,59,725,184,394,없음
2013-09-15,98,79,359,316,415,프로모션
2013-09-16,67,48,459,247,341,없음
2013-09-17,82,40,364,203,258,없음
2013-09-18,70,48,310,230,305,없음
2013-09-19,75,32,509,216,257,없음
2013-09-20,91,46,387,237,477,없음
2013-09-21,109,69,460,199,353,없음
2013-09-22,91,53,665,161,209,없음
2013-09-23,59,42,647,216,394,프로모션
2013-09-24,69,47,437,208,267,없음
2013-09-25,81,52,247,197,359,없음
2013-09-26,81,53,397,200,448,없음
2013-09-27,69,46,598,157,329,없음
2013-09-28,68,44,702,330,475,없음
2013-09-29,89,57,506,207,374,없음
2013-09-30,94,46,348,237,438,없음
2013-10-01,79,49,504,87,392,없음
2013-10-02,71,50,528,232,300,없음
2013-10-03,75,66,433,342,288,없음
2013-10-04,98,35,743,167,413,없음
2013-10-05,104,91,777,191,534,없음
2013-10-06,110,53,796,217,378,없음
2013-10-07,59,37,551,153,339,없음
2013-10-08,58,41,633,192,375,없음
2013-10-09,86,58,507,172,253,없음
2013-10-10,53,51,539,159,470,없음
2013-10-11,76,48,675,207,319,없음
2013-10-12,102,69,624,397,432,프로모션
2013-10-13,92,75,726,175,441,없음
2013-10-14,75,39,480,141,378,없음
2013-10-15,85,60,601,166,394,없음
2013-10-16,60,51,497,191,389,없음
2013-10-17,99,41,453,191,349,없음
2013-10-18,101,57,452,176,325,없음
2013-10-19,117,98,688,238,373,프로모션
2013-10-20,100,81,630,325,448,프로모션
2013-10-21,51,50,648,216,324,없음
2013-10-22,84,39,596,213,412,프로모션
2013-10-23,73,46,304,264,348,없음
2013-10-24,70,49,514,50,228,없음
2013-10-25,99,57,413,184,432,없음
2013-10-26,102,71,564,213,399,없음
2013-10-27,63,42,701,261,462,없음
2013-10-28,59,42,497,153,204,없음
2013-10-29,66,24,456,232,273,없음
2013-10-30,74,42,444,115,308,없음
2013-10-31,66,43,443,221,305,없음
2013-11-01,48,79,512,167,446,없음
2013-11-02,73,55,884,243,343,없음
2013-11-03,106,62,348,199,380,없음
2013-11-04,80,57,485,111,443,없음
2013-11-05,84,38,665,182,363,없음
2013-11-06,67,46,730,169,328,없음
2013-11-07,100,41,636,151,478,프로모션
2013-11-08,113,80,543,230,410,없음
2013-11-09,114,67,674,206,545,없음
2013-11-10,96,40,568,203,382,없음
2013-11-11,93,51,446,180,364,없음
2013-11-12,101,34,703,154,346,없음
2013-11-13,79,52,512,123,394,없음
2013-11-14,72,53,497,167,302,없음
2013-11-15,96,51,803,160,365,없음
2013-11-16,112,63,855,166,554,없음
2013-11-17,121,58,694,175,405,없음
2013-11-18,73,44,526,197,423,없음
2013-11-19,77,49,513,72,355,없음
2013-11-20,77,41,388,99,289,없음
2013-11-21,79,52,443,149,221,없음
2013-11-22,87,44,692,169,439,없음
2013-11-23,141,88,645,340,771,프로모션
2013-11-24,82,48,575,203,446,없음
2013-11-25,64,52,430,200,451,프로모션
2013-11-26,73,58,489,152,275,없음
2013-11-27,85,65,538,111,426,프로모션
2013-11-28,81,57,409,104,403,없음
2013-11-29,97,54,647,182,412,없음
2013-11-30,116,51,794,183,399,없음
2013-12-01,81,29,694,220,367,없음
2013-12-02,92,46,358,126,404,없음
2013-12-03,78,41,342,154,428,없음
2013-12-04,71,51,407,155,195,없음
2013-12-05,59,61,360,164,336,없음
2013-12-06,98,56,722,311,441,없음
2013-12-07,99,71,684,202,217,없음
2013-12-08,84,61,534,178,561,없음
2013-12-09,86,52,425,103,317,없음
2013-12-10,65,54,557,163,446,프로모션
2013-12-11,67,36,418,148,373,없음
2013-12-12,76,53,476,186,346,없음
2013-12-13,103,66,538,201,391,없음
2013-12-14,72,61,681,214,449,없음
2013-12-15,82,61,515,259,529,없음
2013-12-16,84,46,322,148,318,없음
2013-12-17,65,43,487,195,300,없음
2013-12-18,66,51,478,181,317,없음
2013-12-19,93,57,704,224,564,프로모션
2013-12-20,90,62,628,237,408,없음
2013-12-21,86,65,613,147,310,없음
2013-12-22,100,50,532,175,535,없음
2013-12-23,58,27,329,133,341,없음
2013-12-24,84,49,476,231,357,없음
2013-12-25,84,63,591,98,286,프로모션
2013-12-26,76,47,455,131,337,없음
2013-12-27,96,50,270,149,384,없음
2013-12-28,101,76,658,206,518,없음
2013-12-29,114,43,514,180,493,없음
2013-12-30,85,51,438,157,390,없음
2013-12-31,71,51,506,181,363,없음
2014-01-01,85,52,475,146,331,없음
2014-01-02,56,47,461,129,409,없음
2014-01-03,86,71,752,266,536,없음
2014-01-04,51,79,354,282,512,없음
2014-01-05,75,64,466,205,288,없음
2014-01-06,84,62,475,177,379,없음
2014-01-07,84,42,408,126,445,없음
2014-01-08,85,31,653,178,387,없음
2014-01-09,78,56,620,203,326,프로모션
2014-01-10,51,51,661,128,375,없음
2014-01-11,122,85,644,235,719,프로모션
2014-01-12,123,65,556,187,405,없음
2014-01-13,71,43,412,70,478,없음
2014-01-14,80,46,375,198,302,없음
2014-01-15,73,33,671,167,513,프로모션
2014-01-16,62,38,508,98,332,없음
2014-01-17,87,52,525,185,406,없음
2014-01-18,88,71,661,184,609,없음
2014-01-19,95,53,441,152,456,없음
2014-01-20,89,39,542,174,491,없음
2014-01-21,56,39,393,148,328,없음
2014-01-22,111,51,461,180,218,프로모션
2014-01-23,63,43,426,172,459,없음
2014-01-24,85,62,576,150,466,없음
2014-01-25,101,43,714,216,419,없음
2014-01-26,93,84,407,238,382,없음
2014-01-27,94,54,524,224,372,없음
2014-01-28,78,43,425,163,327,없음
2014-01-29,100,50,487,190,343,없음
2014-01-30,77,62,459,181,443,없음
2014-01-31,70,62,500,267,505,없음
2014-02-01,98,54,754,186,603,없음
2014-02-02,92,70,572,209,506,없음
2014-02-03,80,71,555,166,284,없음
2014-02-04,58,41,554,176,263,없음
2014-02-05,90,49,407,75,443,없음
2014-02-06,79,49,517,102,320,없음
2014-02-07,73,44,397,136,507,없음
2014-02-08,87,72,752,180,568,없음
2014-02-09,94,68,546,214,582,없음
2014-02-10,77,37,462,136,356,없음
2014-02-11,60,57,422,160,376,없음
2014-02-12,99,50,548,204,365,프로모션
2014-02-13,63,44,484,128,397,없음
2014-02-14,89,77,660,176,398,없음
2014-02-15,121,63,690,125,493,없음
2014-02-16,106,66,340,142,374,없음
2014-02-17,50,53,495,129,268,프로모션
2014-02-18,47,34,564,173,219,없음
2014-02-19,63,51,442,193,397,없음
2014-02-20,77,51,324,151,392,없음
2014-02-21,111,40,510,205,493,없음
2014-02-22,67,73,288,200,561,없음
2014-02-23,116,45,458,205,506,없음
2014-02-24,80,58,680,178,330,없음
2014-02-25,90,50,490,205,399,없음
2014-02-26,79,39,368,165,282,없음
2014-02-27,87,24,525,117,428,없음
2014-02-28,90,51,464,240,495,없음
2014-03-01,93,86,684,95,405,없음
2014-03-02,87,57,818,217,507,없음
2014-03-03,97,59,561,167,500,프로모션
2014-03-04,70,38,509,174,361,없음
2014-03-05,72,64,687,178,401,프로모션
2014-03-06,69,66,330,162,320,없음
2014-03-07,113,64,679,137,320,없음
2014-03-08,100,64,707,253,368,없음
2014-03-09,80,64,593,187,299,없음
2014-03-10,94,54,505,177,526,프로모션
2014-03-11,78,46,324,126,471,없음
2014-03-12,47,65,562,123,280,없음
2014-03-13,96,71,746,162,468,프로모션
2014-03-14,89,59,776,276,516,없음
2014-03-15,72,88,596,209,299,없음
2014-03-16,75,60,534,227,366,없음
2014-03-17,96,38,579,147,486,프로모션
2014-03-18,75,44,552,108,254,없음
2014-03-19,73,46,651,178,448,없음
2014-03-20,56,29,414,169,453,없음
2014-03-21,74,40,752,165,471,없음
2014-03-22,116,53,760,243,375,없음
2014-03-23,80,61,691,246,492,없음
2014-03-24,78,58,479,144,245,없음
2014-03-25,59,51,582,197,362,없음
2014-03-26,58,45,519,206,412,없음
2014-03-27,80,55,461,194,286,없음
2014-03-28,122,45,561,201,548,없음
2014-03-29,98,42,581,186,434,없음
2014-03-30,97,60,519,127,397,프로모션
2014-03-31,74,53,446,206,346,없음
2014-04-01,85,38,420,203,352,없음
2014-04-02,76,57,378,186,262,없음
2014-04-03,74,53,530,164,382,없음
2014-04-04,108,66,522,224,465,없음
2014-04-05,109,57,698,286,499,없음
2014-04-06,96,46,535,257,531,없음
2014-04-07,78,54,541,202,440,없음
2014-04-08,61,41,435,162,205,없음
2014-04-09,52,34,437,219,348,없음
2014-04-10,88,43,529,182,306,없음
2014-04-11,107,51,603,199,519,없음
2014-04-12,94,53,520,181,592,없음
2014-04-13,123,42,624,256,288,없음
2014-04-14,90,58,398,175,258,없음
2014-04-15,40,48,597,247,214,없음
2014-04-16,86,28,516,203,307,없음
2014-04-17,89,57,397,183,409,없음
2014-04-18,80,59,548,218,224,없음
2014-04-19,109,66,499,291,577,없음
2014-04-20,86,46,545,265,519,없음
2014-04-21,85,65,610,115,410,없음
2014-04-22,71,56,448,320,135,없음
2014-04-23,100,35,530,215,339,없음
2014-04-24,83,46,421,210,338,없음
2014-04-25,99,44,424,177,567,없음
2014-04-26,110,37,603,311,633,없음
2014-04-27,125,44,761,147,344,없음
2014-04-28,73,59,529,173,297,없음
2014-04-29,85,44,456,143,438,없음
2014-04-30,82,31,488,93,396,없음
2014-05-01,65,52,552,270,379,프로모션
2014-05-02,112,66,523,136,324,없음
2014-05-03,122,49,690,449,279,없음
2014-05-04,86,36,670,334,275,없음
2014-05-05,75,43,460,202,174,없음
2014-05-06,98,26,456,205,175,없음
2014-05-07,73,57,529,302,271,없음
2014-05-08,77,39,397,288,401,없음
2014-05-09,90,64,559,249,371,없음
2014-05-10,150,77,718,271,505,없음
2014-05-11,81,67,629,184,377,없음
2014-05-12,77,31,401,120,421,없음
2014-05-13,105,44,484,196,338,없음
2014-05-14,101,40,686,231,322,프로모션
2014-05-15,87,45,545,128,488,프로모션
2014-05-16,90,47,250,235,243,없음
2014-05-17,94,66,649,357,562,프로모션
2014-05-18,106,60,466,267,458,없음
2014-05-19,70,67,275,260,308,없음
2014-05-20,86,45,364,243,446,없음
2014-05-21,78,59,627,313,411,프로모션
2014-05-22,83,54,447,244,295,없음
2014-05-23,106,50,837,159,370,없음
2014-05-24,118,41,296,145,346,없음
2014-05-25,97,59,556,255,240,없음
2014-05-26,106,28,606,181,345,없음
2014-05-27,75,48,480,145,418,없음
2014-05-28,82,46,484,279,444,프로모션
2014-05-29,77,42,568,150,232,없음
2014-05-30,107,54,659,280,420,프로모션
2014-05-31,90,75,738,314,312,프로모션
2014-06-01,114,42,706,325,494,없음
2014-06-02,45,34,374,303,326,없음
2014-06-03,85,48,451,323,431,없음
2014-06-04,52,54,551,323,290,없음
2014-06-05,90,56,504,271,401,없음
2014-06-06,112,86,804,440,357,없음
2014-06-07,92,70,602,281,460,없음
2014-06-08,93,59,517,341,400,없음
2014-06-09,79,31,445,210,448,없음
2014-06-10,58,34,526,288,458,없음
2014-06-11,103,43,449,288,443,없음
2014-06-12,75,50,360,264,371,없음
2014-06-13,100,51,552,302,497,없음
2014-06-14,106,95,896,213,555,프로모션
2014-06-15,115,66,512,318,536,없음
2014-06-16,68,33,453,218,359,없음
2014-06-17,89,39,404,333,340,없음
2014-06-18,89,59,311,237,329,없음
2014-06-19,83,48,403,181,494,없음
2014-06-20,108,79,575,347,283,없음
2014-06-21,57,66,794,400,446,없음
2014-06-22,139,75,693,320,487,없음
2014-06-23,52,47,430,212,291,없음
2014-06-24,62,46,447,196,379,없음
2014-06-25,91,61,514,244,302,없음
2014-06-26,82,37,375,207,380,없음
2014-06-27,84,50,376,318,470,없음
2014-06-28,88,66,640,253,405,없음
2014-06-29,99,62,568,288,497,없음
2014-06-30,79,51,398,285,342,없음
2014-07-01,88,32,502,197,310,없음
2014-07-02,59,51,471,339,338,없음
2014-07-03,61,32,493,225,484,없음
2014-07-04,81,66,590,386,483,없음
2014-07-05,124,56,693,393,219,없음
2014-07-06,107,69,1152,420,499,프로모션
2014-07-07,52,52,526,247,246,없음
2014-07-08,69,36,490,336,448,없음
2014-07-09,96,31,481,125,252,프로모션
2014-07-10,89,72,609,252,402,프로모션
2014-07-11,54,60,468,195,532,없음
2014-07-12,133,38,535,322,521,없음
2014-07-13,105,48,634,265,324,없음
2014-07-14,63,49,537,378,330,없음
2014-07-15,104,34,541,370,314,없음
2014-07-16,81,45,338,243,352,없음
2014-07-17,42,38,396,317,395,없음
2014-07-18,116,66,538,335,334,없음
2014-07-19,82,56,555,407,490,없음
2014-07-20,103,57,590,344,562,없음
2014-07-21,85,57,490,238,257,없음
2014-07-22,58,43,435,224,398,없음
2014-07-23,63,48,479,311,388,없음
2014-07-24,84,53,449,281,316,없음
2014-07-25,119,56,743,298,135,없음
2014-07-26,107,54,438,191,458,없음
2014-07-27,122,69,662,298,500,없음
2014-07-28,61,45,406,305,396,없음
2014-07-29,77,49,392,244,316,없음
2014-07-30,59,50,554,172,440,없음
2014-07-31,90,68,561,305,272,프로모션
2014-08-01,89,59,671,290,421,없음
2014-08-02,74,47,707,465,406,없음
2014-08-03,87,53,451,412,561,없음
2014-08-04,85,59,435,262,428,없음
2014-08-05,96,52,533,254,539,프로모션
2014-08-06,80,35,295,299,428,없음
2014-08-07,64,31,477,146,443,없음
2014-08-08,80,90,559,468,486,프로모션
2014-08-09,105,73,789,336,504,없음
2014-08-10,115,54,714,235,441,없음
2014-08-11,95,49,548,304,308,없음
2014-08-12,81,32,353,200,347,없음
2014-08-13,73,63,445,274,317,없음
2014-08-14,95,56,401,237,416,없음
2014-08-15,100,67,483,328,475,없음
2014-08-16,98,47,655,460,578,프로모션
2014-08-17,102,49,559,247,450,없음
2014-08-18,85,55,571,209,249,없음
2014-08-19,79,51,530,280,334,없음
2014-08-20,84,64,482,146,294,없음
2014-08-21,88,26,429,186,435,없음
2014-08-22,92,32,578,278,478,없음
2014-08-23,127,78,701,311,418,없음
2014-08-24,126,86,560,551,546,프로모션
2014-08-25,78,52,623,327,445,없음
2014-08-26,69,68,502,212,499,없음
2014-08-27,90,40,490,333,393,없음
2014-08-28,86,52,552,277,365,없음
2014-08-29,99,45,576,353,442,프로모션
2014-08-30,74,59,886,250,615,없음
2014-08-31,137,58,698,385,581,프로모션
2014-09-01,90,52,351,221,229,없음
2014-09-02,108,71,555,212,322,프로모션
2014-09-03,82,46,634,133,333,없음
2014-09-04,82,34,445,211,214,없음
2014-09-05,124,82,759,204,426,없음
2014-09-06,90,80,465,312,355,없음
2014-09-07,85,42,511,298,303,없음
2014-09-08,70,40,467,140,219,없음
2014-09-09,94,40,681,210,458,없음
2014-09-10,51,46,570,172,347,없음
2014-09-11,96,52,294,173,214,없음
2014-09-12,105,60,788,157,416,없음
2014-09-13,90,95,422,189,443,없음
2014-09-14,72,62,576,206,486,없음
2014-09-15,86,29,575,288,335,없음
2014-09-16,99,37,397,200,360,없음
2014-09-17,68,55,395,198,442,없음
2014-09-18,43,48,441,251,420,없음
2014-09-19,104,68,697,306,334,없음
2014-09-20,142,87,555,230,638,프로모션
2014-09-21,113,54,656,216,601,없음
2014-09-22,68,63,494,256,422,없음
2014-09-23,67,60,370,270,374,없음
2014-09-24,96,43,590,248,281,없음
2014-09-25,95,34,501,180,526,없음
2014-09-26,102,53,514,279,338,없음
2014-09-27,99,49,769,275,537,없음
2014-09-28,81,64,697,138,293,없음
2014-09-29,106,43,600,161,435,없음
2014-09-30,66,40,626,125,361,없음
2014-10-01,87,48,440,193,306,없음
2014-10-02,76,29,535,240,402,없음
2014-10-03,96,71,631,267,274,없음
2014-10-04,102,77,444,230,687,없음
2014-10-05,113,53,689,272,617,없음
2014-10-06,84,61,585,148,397,없음
2014-10-07,75,51,482,176,241,없음
2014-10-08,74,22,376,184,461,없음
2014-10-09,62,65,625,206,253,없음
2014-10-10,86,63,514,225,329,없음
2014-10-11,85,58,540,269,491,없음
2014-10-12,80,76,385,223,233,없음
2014-10-13,63,52,637,209,317,없음
2014-10-14,65,49,590,147,366,없음
2014-10-15,70,45,532,259,346,없음
2014-10-16,103,28,569,314,433,없음
2014-10-17,117,45,527,128,567,없음
2014-10-18,134,84,941,196,461,없음
2014-10-19,79,63,658,196,459,프로모션
2014-10-20,106,42,584,141,303,없음
2014-10-21,90,44,508,219,233,없음
2014-10-22,78,53,403,243,442,없음
2014-10-23,82,46,754,202,376,없음
2014-10-24,110,78,403,223,543,없음
2014-10-25,95,72,582,253,323,없음
2014-10-26,93,69,554,271,343,없음
2014-10-27,74,46,488,194,347,없음
2014-10-28,100,50,528,120,411,없음
2014-10-29,59,37,290,123,301,없음
2014-10-30,82,41,414,235,482,없음
2014-10-31,89,82,552,234,426,없음
2014-11-01,119,71,840,233,758,없음
2014-11-02,123,68,860,174,427,없음
2014-11-03,97,38,377,119,433,없음
2014-11-04,74,58,358,165,214,없음
2014-11-05,49,49,613,175,306,없음
2014-11-06,97,39,636,109,316,없음
2014-11-07,76,69,614,209,521,없음
2014-11-08,124,78,803,256,404,없음
2014-11-09,59,64,722,182,329,없음
2014-11-10,75,54,456,120,253,없음
2014-11-11,72,33,473,147,295,프로모션
2014-11-12,97,62,489,155,210,없음
2014-11-13,87,38,425,166,298,없음
2014-11-14,96,71,602,217,376,없음
2014-11-15,125,88,744,267,500,없음
2014-11-16,87,89,649,193,391,없음
2014-11-17,69,44,549,151,289,없음
2014-11-18,84,47,497,164,214,없음
2014-11-19,90,33,584,106,279,없음
2014-11-20,62,46,512,85,222,없음
2014-11-21,66,64,720,147,535,없음
2014-11-22,115,66,745,316,494,없음
2014-11-23,69,53,594,144,591,없음
2014-11-24,93,46,465,186,435,프로모션
2014-11-25,77,49,432,151,356,없음
2014-11-26,102,61,558,132,331,없음
2014-11-27,63,52,561,92,278,없음
2014-11-28,87,55,601,201,471,없음
2014-11-29,93,56,746,135,332,없음
2014-11-30,77,53,401,190,518,없음
2014-12-01,92,56,629,104,409,없음
2014-12-02,83,55,464,128,396,없음
2014-12-03,71,46,465,142,236,없음
2014-12-04,52,56,385,201,328,없음
2014-12-05,98,63,582,198,444,없음
2014-12-06,114,52,657,277,392,없음
2014-12-07,87,50,685,129,488,없음
2014-12-08,70,54,577,149,228,없음
2014-12-09,110,68,716,239,444,프로모션
2014-12-10,86,49,533,220,345,없음
2014-12-11,55,63,566,239,306,없음
2014-12-12,106,64,686,96,410,없음
2014-12-13,143,93,594,342,639,없음
2014-12-14,100,67,707,243,277,없음
2014-12-15,101,39,423,167,305,없음
2014-12-16,76,63,581,202,347,없음
2014-12-17,38,40,489,96,433,없음
2014-12-18,90,52,387,129,378,없음
2014-12-19,80,68,532,236,441,없음
2014-12-20,140,62,657,292,473,없음
2014-12-21,68,49,391,148,563,없음
2014-12-22,73,71,381,171,368,없음
2014-12-23,71,43,419,155,352,없음
2014-12-24,55,28,647,206,305,없음
2014-12-25,90,51,650,115,216,없음
2014-12-26,88,67,663,182,375,없음
2014-12-27,113,74,600,207,528,없음
2014-12-28,88,82,601,156,427,없음
2014-12-29,115,48,555,252,338,프로모션
2014-12-30,84,43,555,160,339,없음
2014-12-31,87,64,337,151,322,없음
2015-01-01,88,39,281,155,407,없음
2015-01-02,97,35,575,131,420,없음
2015-01-03,104,48,742,175,536,없음
2015-01-04,85,76,394,196,530,없음
2015-01-05,87,52,335,116,362,없음
2015-01-06,82,43,458,146,295,없음
2015-01-07,96,49,400,173,246,없음
2015-01-08,94,43,570,185,445,없음
2015-01-09,90,54,526,186,400,없음
2015-01-10,111,64,641,198,570,없음
2015-01-11,109,67,614,163,451,없음
2015-01-12,76,51,410,166,411,없음
2015-01-13,75,50,484,143,408,없음
2015-01-14,68,41,596,132,345,없음
2015-01-15,81,41,491,167,282,없음
2015-01-16,110,38,668,148,476,없음
2015-01-17,129,66,759,190,309,없음
2015-01-18,79,58,580,208,284,없음
2015-01-19,76,41,381,125,410,없음
2015-01-20,60,40,322,111,294,없음
2015-01-21,87,38,559,119,375,없음
2015-01-22,80,52,466,154,315,없음
2015-01-23,98,73,778,187,417,없음
2015-01-24,92,56,702,215,448,없음
2015-01-25,109,75,325,193,511,없음
2015-01-26,58,63,443,188,346,없음
2015-01-27,62,35,423,169,319,없음
2015-01-28,83,39,373,173,411,없음
2015-01-29,51,57,568,100,463,없음
2015-01-30,74,48,629,185,421,없음
2015-01-31,116,59,595,184,434,없음
2015-02-01,107,72,412,175,424,없음
2015-02-02,63,40,513,165,375,없음
2015-02-03,86,37,308,138,312,없음
2015-02-04,87,61,521,167,337,없음
2015-02-05,72,42,578,132,448,없음
2015-02-06,89,77,883,189,356,없음
2015-02-07,110,67,713,219,397,없음
2015-02-08,90,53,845,205,319,없음
2015-02-09,96,43,499,179,229,없음
2015-02-10,53,54,565,240,435,없음
2015-02-11,71,50,463,150,429,없음
2015-02-12,107,67,576,119,376,프로모션
2015-02-13,89,41,594,205,428,없음
2015-02-14,105,64,764,208,712,없음
2015-02-15,117,54,387,166,303,없음
2015-02-16,86,54,525,151,392,없음
2015-02-17,84,43,629,140,406,없음
2015-02-18,88,46,530,119,387,없음
2015-02-19,102,52,460,216,486,없음
2015-02-20,108,70,684,170,518,프로모션
2015-02-21,146,56,634,180,393,없음
2015-02-22,75,31,459,124,453,없음
2015-02-23,104,35,552,114,334,없음
2015-02-24,83,53,538,145,358,프로모션
2015-02-25,55,45,621,191,257,없음
2015-02-26,102,53,365,190,333,없음
2015-02-27,101,77,584,229,335,없음
2015-02-28,115,73,670,225,389,없음
2015-03-01,100,54,648,217,522,없음
2015-03-02,116,47,492,193,247,없음
2015-03-03,37,41,419,199,453,없음
2015-03-04,85,47,393,166,241,없음
2015-03-05,61,54,568,123,342,없음
2015-03-06,124,66,674,235,492,없음
2015-03-07,101,84,581,221,539,없음
2015-03-08,77,77,614,237,208,없음
2015-03-09,98,43,451,165,426,프로모션
2015-03-10,83,49,508,145,448,없음
2015-03-11,51,48,397,127,317,없음
2015-03-12,70,54,492,171,597,없음
2015-03-13,78,49,463,150,244,없음
2015-03-14,119,89,751,153,412,없음
2015-03-15,77,48,475,212,458,없음
2015-03-16,78,54,597,297,380,프로모션
2015-03-17,52,77,448,213,397,프로모션
2015-03-18,71,57,470,230,164,없음
2015-03-19,88,43,530,194,416,없음
2015-03-20,108,89,585,250,558,없음
2015-03-21,94,72,696,276,319,없음
2015-03-22,97,46,708,174,389,없음
2015-03-23,54,45,380,161,330,없음
2015-03-24,67,48,435,138,272,없음
2015-03-25,67,63,348,199,251,없음
2015-03-26,78,56,523,118,367,없음
2015-03-27,94,66,726,149,608,없음
2015-03-28,109,64,686,244,609,없음
2015-03-29,127,56,257,236,446,없음
2015-03-30,93,55,547,234,427,프로모션
2015-03-31,81,39,361,122,429,없음
2015-04-01,74,41,457,297,259,없음
2015-04-02,73,40,482,199,359,없음
2015-04-03,88,41,744,222,584,없음
2015-04-04,84,36,711,326,481,없음
2015-04-05,71,53,541,294,564,없음
2015-04-06,48,33,584,211,232,없음
2015-04-07,92,44,576,212,441,없음
2015-04-08,74,71,427,194,520,없음
2015-04-09,96,54,521,140,316,없음
2015-04-10,94,72,324,239,385,없음
2015-04-11,87,38,701,291,503,없음
2015-04-12,86,61,658,183,540,없음
2015-04-13,48,44,485,196,269,없음
2015-04-14,67,50,575,145,309,없음
2015-04-15,70,55,354,104,212,없음
2015-04-16,73,48,616,188,357,없음
2015-04-17,98,68,657,243,431,없음
2015-04-18,110,72,760,330,431,없음
2015-04-19,112,53,481,231,553,없음
2015-04-20,64,48,559,206,454,없음
2015-04-21,86,47,362,277,484,없음
2015-04-22,84,65,511,200,342,없음
2015-04-23,83,57,682,301,308,없음
2015-04-24,137,68,517,240,398,없음
2015-04-25,85,67,705,175,407,없음
2015-04-26,112,66,465,237,393,없음
2015-04-27,71,69,435,162,280,없음
2015-04-28,90,52,444,160,291,없음
2015-04-29,81,62,488,253,542,없음
2015-04-30,77,39,328,252,275,없음
2015-05-01,85,47,571,290,533,없음
2015-05-02,111,58,760,171,451,없음
2015-05-03,84,58,691,326,553,프로모션
2015-05-04,77,37,320,244,262,없음
2015-05-05,90,48,556,223,412,없음
2015-05-06,83,51,501,183,341,없음
2015-05-07,97,44,699,153,290,없음
2015-05-08,96,45,744,313,480,없음
2015-05-09,113,58,917,351,323,없음
2015-05-10,51,52,678,330,268,없음
2015-05-11,92,50,487,282,615,프로모션
2015-05-12,107,45,444,287,286,없음
2015-05-13,59,51,598,262,177,없음
2015-05-14,107,64,642,221,395,없음
2015-05-15,138,60,704,174,160,없음
2015-05-16,103,66,487,283,543,없음
2015-05-17,108,65,277,310,251,없음
2015-05-18,67,51,300,249,460,없음
2015-05-19,73,57,340,236,413,없음
2015-05-20,74,44,423,65,278,없음
2015-05-21,54,22,457,266,303,없음
2015-05-22,108,57,665,334,303,없음
2015-05-23,165,69,736,312,550,프로모션
2015-05-24,82,68,768,185,570,없음
2015-05-25,102,61,569,159,366,프로모션
2015-05-26,91,49,391,97,261,없음
2015-05-27,94,30,543,219,506,없음
2015-05-28,90,50,546,212,380,없음
2015-05-29,110,65,759,263,489,없음
2015-05-30,99,54,716,419,429,없음
2015-05-31,81,56,525,233,621,없음
2015-06-01,56,29,398,336,261,없음
2015-06-02,58,37,428,259,510,없음
2015-06-03,63,39,539,244,350,없음
2015-06-04,88,43,623,316,314,없음
2015-06-05,115,75,750,290,367,없음
2015-06-06,89,87,684,434,459,없음
2015-06-07,118,55,563,181,462,없음
2015-06-08,97,53,394,316,386,없음
2015-06-09,115,39,553,326,499,프로모션
2015-06-10,55,52,453,241,300,없음
2015-06-11,89,59,515,281,373,없음
2015-06-12,95,63,625,274,370,없음
2015-06-13,118,42,638,260,634,없음
2015-06-14,113,67,477,227,349,없음
2015-06-15,82,54,548,276,369,없음
2015-06-16,65,37,622,351,228,프로모션
2015-06-17,81,61,548,381,440,없음
2015-06-18,104,49,519,271,323,없음
2015-06-19,115,57,621,331,521,없음
2015-06-20,136,61,600,377,480,없음
2015-06-21,118,67,595,241,349,없음
2015-06-22,59,61,551,249,318,없음
2015-06-23,80,54,505,276,395,없음
2015-06-24,101,59,469,186,201,없음
2015-06-25,76,35,501,157,325,없음
2015-06-26,90,64,602,317,434,없음
2015-06-27,106,41,390,251,451,없음
2015-06-28,116,64,364,232,365,없음
2015-06-29,85,46,395,283,291,없음
2015-06-30,65,62,442,361,329,없음
2015-07-01,85,25,397,256,394,없음
2015-07-02,76,39,415,368,233,없음
2015-07-03,114,61,514,269,476,없음
2015-07-04,121,58,814,162,306,없음
2015-07-05,126,59,606,337,555,프로모션
2015-07-06,74,45,699,290,359,없음
2015-07-07,73,57,645,238,368,없음
2015-07-08,79,56,521,252,344,없음
2015-07-09,81,50,383,274,378,없음
2015-07-10,74,66,564,421,621,없음
2015-07-11,126,64,868,477,505,프로모션
2015-07-12,107,38,640,354,482,없음
2015-07-13,97,44,366,233,313,없음
2015-07-14,91,69,525,308,167,없음
2015-07-15,67,36,373,258,402,없음
2015-07-16,61,42,581,232,491,없음
2015-07-17,114,60,627,387,734,프로모션
2015-07-18,105,33,635,214,516,없음
2015-07-19,113,72,688,302,397,없음
2015-07-20,97,46,388,205,388,없음
2015-07-21,65,42,473,220,469,없음
2015-07-22,94,44,475,232,514,없음
2015-07-23,65,54,487,265,287,없음
2015-07-24,130,56,678,301,543,없음
2015-07-25,114,73,623,361,534,없음
2015-07-26,82,61,526,514,386,없음
2015-07-27,92,48,615,211,344,없음
2015-07-28,51,50,493,307,338,없음
2015-07-29,94,69,473,386,378,프로모션
2015-07-30,87,43,334,229,441,없음
2015-07-31,47,55,538,293,272,없음
2015-08-01,109,81,538,417,556,없음
2015-08-02,77,54,340,356,251,없음
2015-08-03,69,59,595,261,309,프로모션
2015-08-04,67,48,612,200,466,없음
2015-08-05,69,47,544,320,438,없음
2015-08-06,103,61,460,212,375,없음
2015-08-07,86,46,749,416,404,프로모션
2015-08-08,61,67,662,326,417,없음
2015-08-09,114,73,526,357,403,없음
2015-08-10,43,46,419,259,311,없음
2015-08-11,86,33,380,308,446,없음
2015-08-12,57,39,398,161,356,없음
2015-08-13,74,45,539,246,504,없음
2015-08-14,122,56,496,241,422,없음
2015-08-15,119,59,470,249,401,없음
2015-08-16,95,57,570,248,406,없음
2015-08-17,100,55,643,105,470,프로모션
2015-08-18,91,56,656,295,428,없음
2015-08-19,64,48,702,239,225,없음
2015-08-20,81,53,534,221,308,없음
2015-08-21,100,76,787,275,277,없음
2015-08-22,71,69,913,272,404,없음
2015-08-23,88,85,846,265,607,없음
2015-08-24,74,53,588,261,323,프로모션
2015-08-25,103,58,474,382,526,없음
2015-08-26,66,37,669,316,442,프로모션
2015-08-27,87,51,381,304,348,없음
2015-08-28,81,67,657,441,432,프로모션
2015-08-29,144,65,695,378,611,없음
2015-08-30,147,74,692,335,343,없음
2015-08-31,84,57,484,208,430,없음
2015-09-01,78,37,415,272,386,없음
2015-09-02,91,50,577,159,403,없음
2015-09-03,72,65,536,131,390,없음
2015-09-04,92,42,686,333,409,없음
2015-09-05,104,74,619,191,545,없음
2015-09-06,116,51,785,277,525,없음
2015-09-07,66,47,593,134,316,없음
2015-09-08,54,48,584,235,230,없음
2015-09-09,71,29,576,211,304,없음
2015-09-10,101,38,656,124,500,없음
2015-09-11,132,61,640,228,254,없음
2015-09-12,115,72,777,299,334,없음
2015-09-13,108,66,762,251,509,없음
2015-09-14,76,38,543,139,417,없음
2015-09-15,129,42,746,243,463,프로모션
2015-09-16,70,36,434,182,206,없음
2015-09-17,81,59,399,222,460,없음
2015-09-18,109,29,621,176,453,없음
2015-09-19,117,77,818,377,495,프로모션
2015-09-20,88,76,651,244,451,없음
2015-09-21,153,62,545,258,528,프로모션
2015-09-22,78,46,510,202,410,없음
2015-09-23,79,53,618,250,351,없음
2015-09-24,101,57,532,205,368,없음
2015-09-25,98,51,445,143,547,없음
2015-09-26,94,79,977,315,557,없음
2015-09-27,109,62,718,140,431,없음
2015-09-28,70,44,462,217,272,없음
2015-09-29,64,44,369,143,260,없음
2015-09-30,77,63,636,174,253,없음
2015-10-01,86,44,602,267,436,없음
2015-10-02,138,71,635,260,387,프로모션
2015-10-03,113,63,966,268,634,없음
2015-10-04,85,68,682,208,450,없음
2015-10-05,71,39,653,262,424,없음
2015-10-06,69,49,275,150,456,없음
2015-10-07,81,40,849,243,348,없음
2015-10-08,70,32,534,230,246,없음
2015-10-09,92,91,719,216,685,프로모션
2015-10-10,105,71,567,338,475,없음
2015-10-11,141,38,515,290,453,없음
2015-10-12,50,33,470,234,372,없음
2015-10-13,61,44,539,228,354,없음
2015-10-14,115,45,537,176,448,프로모션
2015-10-15,82,42,549,192,492,없음
2015-10-16,124,84,573,261,463,없음
2015-10-17,70,76,566,349,686,없음
2015-10-18,119,82,584,269,543,없음
2015-10-19,69,37,589,187,298,없음
2015-10-20,67,38,650,161,337,없음
2015-10-21,90,47,386,203,316,없음
2015-10-22,94,64,506,235,316,없음
2015-10-23,108,45,826,275,361,없음
2015-10-24,63,82,689,275,370,없음
2015-10-25,86,87,465,280,528,없음
2015-10-26,91,62,386,110,379,없음
2015-10-27,97,44,310,137,287,없음
2015-10-28,69,54,358,176,531,없음
2015-10-29,93,61,581,73,303,없음
2015-10-30,91,77,348,258,345,없음
2015-10-31,135,52,441,221,340,없음
2015-11-01,88,80,981,123,417,프로모션
2015-11-02,74,39,462,149,286,없음
2015-11-03,81,48,403,138,419,없음
2015-11-04,82,37,452,160,234,없음
2015-11-05,73,38,514,223,344,없음
2015-11-06,83,57,533,245,469,없음
2015-11-07,105,73,612,166,333,없음
2015-11-08,75,62,646,189,473,프로모션
2015-11-09,118,46,523,247,336,프로모션
2015-11-10,85,66,713,172,404,없음
2015-11-11,96,38,628,157,237,없음
2015-11-12,92,52,485,142,271,없음
2015-11-13,96,48,614,169,265,없음
2015-11-14,132,35,792,147,580,없음
2015-11-15,115,32,529,83,425,없음
2015-11-16,96,66,472,172,480,프로모션
2015-11-17,95,45,699,165,572,없음
2015-11-18,59,59,375,180,436,없음
2015-11-19,86,63,384,115,369,없음
2015-11-20,89,73,490,224,570,없음
2015-11-21,113,74,799,308,470,없음
2015-11-22,105,44,564,225,269,없음
2015-11-23,88,40,285,179,318,없음
2015-11-24,74,41,355,124,332,없음
2015-11-25,75,52,467,176,461,없음
2015-11-26,97,53,554,122,344,없음
2015-11-27,83,67,559,191,391,없음
2015-11-28,113,86,596,197,389,없음
2015-11-29,104,63,532,196,626,없음
2015-11-30,82,54,329,145,659,없음
2015-12-01,85,52,361,148,368,없음
2015-12-02,59,61,398,156,358,없음
2015-12-03,87,47,345,165,439,없음
2015-12-04,109,61,678,192,624,없음
2015-12-05,115,51,535,156,547,없음
2015-12-06,109,45,734,199,453,프로모션
2015-12-07,129,72,846,185,384,프로모션
2015-12-08,79,48,467,188,317,없음
2015-12-09,85,51,562,134,434,없음
2015-12-10,99,48,728,164,445,없음
2015-12-11,156,70,907,274,504,프로모션
2015-12-12,53,58,590,262,423,없음
2015-12-13,78,77,707,185,490,없음
2015-12-14,72,70,404,198,380,없음
2015-12-15,107,60,444,174,272,없음
2015-12-16,77,48,598,155,419,없음
2015-12-17,65,54,638,107,341,없음
2015-12-18,103,63,402,154,327,없음
2015-12-19,148,76,589,168,439,없음
2015-12-20,106,62,657,151,477,없음
2015-12-21,73,46,570,156,238,없음
2015-12-22,103,53,420,134,420,없음
2015-12-23,72,44,505,156,375,없음
2015-12-24,87,46,564,237,405,없음
2015-12-25,90,37,838,240,581,없음
2015-12-26,113,46,445,255,488,없음
2015-12-27,136,49,700,265,483,없음
2015-12-28,77,45,605,69,408,없음
2015-12-29,93,56,508,185,452,없음
2015-12-30,62,28,458,141,356,없음
2015-12-31,65,56,491,190,446,없음
